threshold,clustering_strategy,dataset,sensitivity,false_alarms_per_hour,challenge_score,total_detections_before_clustering,total_detections_after_clustering,total_true_positives,total_false_positives,total_seizures,detected_seizures,files_processed,files_skipped,total_duration_hours,anomaly_reduction,num_responders,responder_rate,responder_sensitivity,responder_fad,non_responder_sensitivity,non_responder_fad
0.0031850361742711214,time_600s,TRAINING_SET (sub001-sub096),0.16124469589816123,1.720660987074799,15.436205194986202,516581,14729,114,14615,707,114,2042,753,8493.82888888889,0.9714875305131238,0,0.0,None,None,0.16124469589816123,1.72055770394665
0.5040892533451813,time_600s,TRAINING_SET (sub001-sub096),0.16124469589816123,1.7058266877678252,15.442138914708993,511368,14603,114,14489,707,114,2042,753,8493.82888888889,0.9714432659063531,0,0.0,None,None,0.16124469589816123,1.7054345598449914
0.5391414518722988,time_600s,TRAINING_SET (sub001-sub096),0.15983026874115983,1.7062976179045544,15.30050782695416,506155,14606,113,14493,707,113,2042,753,8493.82888888889,0.9711432268771424,0,0.0,None,None,0.15983026874115983,1.7057946347045545
0.5523201308602576,time_600s,TRAINING_SET (sub001-sub096),0.15983026874115983,1.7045316298918194,15.301214222159254,500942,14591,113,14478,707,113,2042,753,8493.82888888889,0.9708728755025532,0,0.0,None,None,0.15983026874115983,1.7041142853599258
0.5603346618358627,time_600s,TRAINING_SET (sub001-sub096),0.16124469589816123,1.7033543045499961,15.443127867996123,495729,14582,114,14468,707,114,2042,753,8493.82888888889,0.9705847348047018,0,0.0,None,None,0.16124469589816123,1.7023139110621093
0.565900564334752,time_600s,TRAINING_SET (sub001-sub096),0.16124469589816123,1.7035897696183608,15.443033681968778,490517,14584,114,14470,707,114,2042,753,8493.82888888889,0.970268104877099,0,0.0,None,None,0.16124469589816123,1.7020738611557338
0.5702131061456437,time_600s,TRAINING_SET (sub001-sub096),0.16265912305516267,1.7024124442765374,15.58494732780565,485304,14575,115,14460,707,115,2042,753,8493.82888888889,0.9699672782420915,0,0.0,None,None,0.16265912305516267,1.700993636577044
0.5739000912728306,time_600s,TRAINING_SET (sub001-sub096),0.16124469589816123,1.6997045959903438,15.444587751419984,480091,14551,114,14437,707,114,2042,753,8493.82888888889,0.9696911627170682,0,0.0,None,None,0.16124469589816123,1.6984731125601007
0.5770625073453204,time_600s,TRAINING_SET (sub001-sub096),0.16265912305516267,1.698762735716885,15.586407211229513,474878,14544,115,14429,707,115,2042,753,8493.82888888889,0.9693731863762903,0,0.0,None,None,0.16265912305516267,1.6973928879814109
0.5799904485463709,time_600s,TRAINING_SET (sub001-sub096),0.16124469589816123,1.6994691309219792,15.444681937447331,469666,14549,114,14435,707,114,2042,753,8493.82888888889,0.9690226671719903,0,0.0,None,None,0.16124469589816123,1.6979930127473497
0.5824088382429187,time_600s,TRAINING_SET (sub001-sub096),0.16124469589816123,1.698409538114338,15.445105774570386,464453,14540,114,14426,707,114,2042,753,8493.82888888889,0.9686943565872111,0,0.0,None,None,0.16124469589816123,1.6969127881686599
0.5846576330344591,time_600s,TRAINING_SET (sub001-sub096),0.16124469589816123,1.6995868634561615,15.444634844433658,459240,14550,114,14436,707,114,2042,753,8493.82888888889,0.9683172197543768,0,0.0,None,None,0.16124469589816123,1.6982330626537252
0.5866583456197485,time_600s,TRAINING_SET (sub001-sub096),0.16265912305516267,1.6968790151699678,15.58716069944828,454027,14528,115,14413,707,115,2042,753,8493.82888888889,0.9680019029705282,0,0.0,None,None,0.16265912305516267,1.6958325635899698
0.5885287663316798,time_600s,TRAINING_SET (sub001-sub096),0.16124469589816123,1.694877562088868,15.446518564980575,448815,14510,114,14396,707,114,2042,753,8493.82888888889,0.9676704209975157,0,0.0,None,None,0.16124469589816123,1.6940321892921533
0.5903024618097699,time_600s,TRAINING_SET (sub001-sub096),0.16124469589816123,1.6952307596914151,15.446377285939557,443602,14513,114,14399,707,114,2042,753,8493.82888888889,0.9672837363221988,0,0.0,None,None,0.16124469589816123,1.6945122891049045
0.5919581932879165,time_600s,TRAINING_SET (sub001-sub096),0.15983026874115983,1.6912278535292158,15.306535732704296,438389,14478,113,14365,707,113,2042,753,8493.82888888889,0.9669745363136393,0,0.0,None,None,0.15983026874115983,1.6907915155560835
0.5934785832589263,time_600s,TRAINING_SET (sub001-sub096),0.15983026874115983,1.6881668076404752,15.307760151059792,433176,14452,113,14339,707,113,2042,753,8493.82888888889,0.9666371174764992,0,0.0,None,None,0.15983026874115983,1.688030941632765
0.5949808731267077,time_600s,TRAINING_SET (sub001-sub096),0.16124469589816123,1.6856944244226462,15.450191820047063,427964,14432,114,14318,707,114,2042,753,8493.82888888889,0.9662775373629557,0,0.0,None,None,0.16124469589816123,1.6853903926626341
0.5963657562812567,time_600s,TRAINING_SET (sub001-sub096),0.16265912305516267,1.6801609953160765,15.593847907389836,422751,14386,115,14271,707,115,2042,753,8493.82888888889,0.9659705121927565,0,0.0,None,None,0.16265912305516267,1.6798692448159969
0.5977063538811728,time_600s,TRAINING_SET (sub001-sub096),0.16407355021216408,1.6740389035385952,15.737739459800968,417538,14335,116,14219,707,116,2042,753,8493.82888888889,0.9656677955060378,0,0.0,None,None,0.16407355021216408,1.673507922297045
0.5989815908411301,time_600s,TRAINING_SET (sub001-sub096),0.16265912305516267,1.6726261131284073,15.596861860264903,412325,14322,115,14207,707,115,2042,753,8493.82888888889,0.9652652640514158,0,0.0,None,None,0.16265912305516267,1.6720676228587918
0.6001577170852338,time_600s,TRAINING_SET (sub001-sub096),0.16407355021216408,1.6685054744320256,15.739952831443597,407113,14288,116,14172,707,116,2042,753,8493.82888888889,0.9649040929668176,0,0.0,None,None,0.16407355021216408,1.66786674949722
0.6013020100058022,time_600s,TRAINING_SET (sub001-sub096),0.16548797736916548,1.6659153586800142,15.882431593444542,401900,14267,117,14150,707,117,2042,753,8493.82888888889,0.9645011196815129,0,0.0,None,None,0.16548797736916548,1.6655862753866524
0.6024281964884793,time_600s,TRAINING_SET (sub001-sub096),0.16973125884016974,1.6617947199836325,16.30840799602352,396687,14235,120,14115,707,120,2042,753,8493.82888888889,0.9641152848467431,0,0.0,None,None,0.16973125884016974,1.6615054269782683
0.6034592382168202,time_600s,TRAINING_SET (sub001-sub096),0.17114568599717114,1.6575563487530685,16.451546060215886,391474,14200,121,14079,707,121,2042,753,8493.82888888889,0.9637268375422122,0,0.0,None,None,0.17114568599717114,1.6574245785698842
0.6044771526204021,time_600s,TRAINING_SET (sub001-sub096),0.17256011315417255,1.651434256975587,16.59543761262702,386261,14149,122,14027,707,122,2042,753,8493.82888888889,0.963369327993248,0,0.0,None,None,0.17256011315417255,1.6515433558636836
0.605445114835241,time_600s,TRAINING_SET (sub001-sub096),0.17114568599717114,1.6440171073221002,16.456961756788274,381049,14085,121,13964,707,121,2042,753,8493.82888888889,0.9630362499311113,0,0.0,None,None,0.17114568599717114,1.6439817838128543
0.6063843900095593,time_600s,TRAINING_SET (sub001-sub096),0.16973125884016974,1.6398964686257185,16.317167296566687,375836,14049,120,13929,707,120,2042,753,8493.82888888889,0.9626193339648145,0,0.0,None,None,0.16973125884016974,1.63990093540447
0.607308878541937,time_600s,TRAINING_SET (sub001-sub096),0.16973125884016974,1.63542263232679,16.318956831086258,370623,14011,120,13891,707,120,2042,753,8493.82888888889,0.9621960860497055,0,0.0,None,None,0.16973125884016974,1.635339987183335
0.6082086969616519,time_600s,TRAINING_SET (sub001-sub096),0.16831683168316833,1.6270636223998443,16.180857719356894,365410,13939,119,13820,707,119,2042,753,8493.82888888889,0.9618538080512301,0,0.0,None,None,0.16831683168316833,1.6271782903665668
0.6090764922858197,time_600s,TRAINING_SET (sub001-sub096),0.16548797736916548,1.6188223450070809,15.901268798913716,360198,13867,117,13750,707,117,2042,753,8493.82888888889,0.9615017296042732,0,0.0,None,None,0.16548797736916548,1.6193766684093618
0.6099356322572185,time_600s,TRAINING_SET (sub001-sub096),0.16548797736916548,1.6148194388448815,15.902869961378595,354985,13833,117,13716,707,117,2042,753,8493.82888888889,0.9610321562882939,0,0.0,None,None,0.16548797736916548,1.6160159697201044
0.6107744707584946,time_600s,TRAINING_SET (sub001-sub096),0.16548797736916548,1.6069313590546652,15.906025193294681,349772,13767,118,13649,707,117,2042,753,8493.82888888889,0.9606400741054173,0,0.0,None,None,0.16548797736916548,1.607974297856524
0.6115831981102134,time_600s,TRAINING_SET (sub001-sub096),0.1669024045261669,1.6023397902215541,16.049304536528066,344559,13729,119,13610,707,118,2042,753,8493.82888888889,0.9601548646240556,0,0.0,None,None,0.1669024045261669,1.6041334993545153
0.6124064158133681,time_600s,TRAINING_SET (sub001-sub096),0.16407355021216408,1.5949226405680672,15.76938596498918,339347,13664,117,13547,707,116,2042,753,8493.82888888889,0.9597344311280194,0,0.0,None,None,0.16407355021216408,1.596571927303686
0.6132016552454792,time_600s,TRAINING_SET (sub001-sub096),0.16548797736916548,1.584208979957475,15.915114144933558,334134,13574,118,13456,707,117,2042,753,8493.82888888889,0.959375579857183,0,0.0,None,None,0.16548797736916548,1.586249781329538
0.6139642806723244,time_600s,TRAINING_SET (sub001-sub096),0.16407355021216408,1.5769095628381702,15.776591196081139,328921,13511,117,13394,707,116,2042,753,8493.82888888889,0.9589232672891059,0,0.0,None,None,0.16407355021216408,1.5785681843255208
0.6147297947044095,time_600s,TRAINING_SET (sub001-sub096),0.16548797736916548,1.5692569481163186,15.92109495767002,323708,13447,118,13329,707,117,2042,753,8493.82888888889,0.9584594758238907,0,0.0,None,None,0.16548797736916548,1.5711266372278792
0.6154770449158734,time_600s,TRAINING_SET (sub001-sub096),0.16407355021216408,1.563370321407202,15.782006892653527,318496,13396,117,13279,707,116,2042,753,8493.82888888889,0.9579398171405606,0,0.0,None,None,0.16407355021216408,1.5653654394748664
0.6162031823118576,time_600s,TRAINING_SET (sub001-sub096),0.16265912305516267,1.5535985210700682,15.644472897088239,313283,13312,116,13196,707,115,2042,753,8493.82888888889,0.957508067785357,0,0.0,None,None,0.16265912305516267,1.5556434182666572
0.6169202769869544,time_600s,TRAINING_SET (sub001-sub096),0.16407355021216408,1.5459459063482166,15.78897665867712,308070,13248,117,13131,707,116,2042,753,8493.82888888889,0.9569967864446393,0,0.0,None,None,0.16407355021216408,1.5476017464030767
0.6176319128606471,time_600s,TRAINING_SET (sub001-sub096),0.16548797736916548,1.537233698818724,15.933904257389058,302857,13175,118,13057,707,117,2042,753,8493.82888888889,0.9564976209894439,0,0.0,None,None,0.16548797736916548,1.539199999679933
0.618320400511923,time_600s,TRAINING_SET (sub001-sub096),0.1669024045261669,1.5267555032764963,16.07953825130609,297645,13087,119,12968,707,118,2042,753,8493.82888888889,0.9560315140519746,0,0.0,None,None,0.1669024045261669,1.5291179036121605
0.6190082424936337,time_600s,TRAINING_SET (sub001-sub096),0.16831683168316833,1.5166305053368156,16.225030966182107,292432,13002,120,12882,707,119,2042,753,8493.82888888889,0.9555383815724682,0,0.0,None,None,0.16831683168316833,1.5189157825912003
0.619668985297544,time_600s,TRAINING_SET (sub001-sub096),0.16973125884016974,1.5053281820553117,16.37099461119485,287219,12906,120,12786,707,120,2042,753,8493.82888888889,0.955065646771279,0,0.0,None,None,0.16973125884016974,1.50763343699155
0.6203458879872028,time_600s,TRAINING_SET (sub001-sub096),0.173974540311174,1.491318010487614,16.800926826922353,282006,12790,123,12667,707,123,2042,753,8493.82888888889,0.9546463550420913,0,0.0,None,None,0.173974540311174,1.4939505923281446
0.6210069079806022,time_600s,TRAINING_SET (sub001-sub096),0.17114568599717114,1.4788383618642869,16.5230332549714,276793,12682,121,12561,707,121,2042,753,8493.82888888889,0.9541823673286536,0,0.0,None,None,0.17114568599717114,1.4812279472902412
0.6216864237781952,time_600s,TRAINING_SET (sub001-sub096),0.17114568599717114,1.4678892361853297,16.527412905242983,271581,12589,121,12468,707,121,2042,753,8493.82888888889,0.953645505392498,0,0.0,None,None,0.17114568599717114,1.4705457264565298
0.6223469753751137,time_600s,TRAINING_SET (sub001-sub096),0.17114568599717114,1.4532904019467205,16.533252438938426,266368,12465,121,12344,707,121,2042,753,8493.82888888889,0.9532038382988948,0,0.0,None,None,0.17114568599717114,1.4555426073080588
0.6229996220819927,time_600s,TRAINING_SET (sub001-sub096),0.16973125884016974,1.4409284858575755,16.396754489673942,261155,12359,120,12239,707,120,2042,753,8493.82888888889,0.9526756140989068,0,0.0,None,None,0.16973125884016974,1.4433000620829066
0.6236311478025038,time_600s,TRAINING_SET (sub001-sub096),0.16548797736916548,1.4273892444266072,15.977842039145905,255942,12241,117,12124,707,117,2042,753,8493.82888888889,0.9521727578904595,0,0.0,None,None,0.16548797736916548,1.4299772922790643
0.624267776705575,time_600s,TRAINING_SET (sub001-sub096),0.16831683168316833,1.4156159910083739,16.265436771913482,250730,12143,119,12024,707,119,2042,753,8493.82888888889,0.9515694173014797,0,0.0,None,None,0.16831683168316833,1.4186949466794143
0.6248916950399521,time_600s,TRAINING_SET (sub001-sub096),0.17114568599717114,1.4036072725217759,16.553125690708402,245517,12043,121,11922,707,121,2042,753,8493.82888888889,0.9509484068312989,0,0.0,None,None,0.17114568599717114,1.4065724264074497
0.6255158741246603,time_600s,TRAINING_SET (sub001-sub096),0.17114568599717114,1.3911276238984487,16.558117550157736,240304,11937,121,11816,707,121,2042,753,8493.82888888889,0.9503254211332313,0,0.0,None,None,0.17114568599717114,1.3944499061354851
0.6261436883459142,time_600s,TRAINING_SET (sub001-sub096),0.1669024045261669,1.3762933245914746,16.139723122780097,235091,11808,118,11690,707,118,2042,753,8493.82888888889,0.949772641232544,0,0.0,None,None,0.1669024045261669,1.3796868368933897
0.6267497023342538,time_600s,TRAINING_SET (sub001-sub096),0.16265912305516267,1.3618122228870477,15.721187416361447,229879,11682,115,11567,707,115,2042,753,8493.82888888889,0.9491819609446709,0,0.0,None,None,0.16265912305516267,1.36516381755767
0.6273665132407673,time_600s,TRAINING_SET (sub001-sub096),0.16548797736916548,1.3481552489218969,16.00953563734779,224666,11568,117,11451,707,117,2042,753,8493.82888888889,0.9485102329680504,0,0.0,None,None,0.16548797736916548,1.3513609479410766
0.6279844172811136,time_600s,TRAINING_SET (sub001-sub096),0.16548797736916548,1.3334386821491053,16.015422264056905,219453,11443,117,11326,707,117,2042,753,8493.82888888889,0.9478567164723198,0,0.0,None,None,0.16548797736916548,1.3367179036521688
0.628589744311548,time_600s,TRAINING_SET (sub001-sub096),0.16265912305516267,1.318486650307949,15.738517645393086,214240,11314,115,11199,707,115,2042,753,8493.82888888889,0.9471900672143391,0,0.0,None,None,0.16265912305516267,1.3215947595505102
0.6291794111295916,time_600s,TRAINING_SET (sub001-sub096),0.15983026874115983,1.3081261872999037,15.45977639919602,209028,11224,113,11111,707,113,2042,753,8493.82888888889,0.9463038444610291,0,0.0,None,None,0.15983026874115983,1.3109125387167988
0.6297788339564707,time_600s,TRAINING_SET (sub001-sub096),0.16124469589816123,1.291643632514377,15.607812136810372,203815,11085,114,10971,707,114,2042,753,8493.82888888889,0.9456124426563305,0,0.0,None,None,0.16124469589816123,1.294349095176887
0.6303832561742235,time_600s,TRAINING_SET (sub001-sub096),0.15983026874115983,1.2751610777288505,15.472962443024441,198602,10944,113,10831,707,113,2042,753,8493.82888888889,0.9448948147551384,0,0.0,None,None,0.15983026874115983,1.2775456017305995
0.6310022418114568,time_600s,TRAINING_SET (sub001-sub096),0.15417256011315417,1.2560884071913125,14.91482064843889,193389,10778,109,10669,707,109,2042,753,8493.82888888889,0.9442677711762303,0,0.0,None,None,0.15417256011315417,1.258581659126932
0.6316024952620246,time_600s,TRAINING_SET (sub001-sub096),0.157001414427157,1.2398413174741505,15.204204915726041,188177,10642,111,10531,707,111,2042,753,8493.82888888889,0.9434468611998278,0,0.0,None,None,0.157001414427157,1.242138240540208
0.6322313115512262,time_600s,TRAINING_SET (sub001-sub096),0.15558698727015557,1.2218282397442535,15.069967431117856,182964,10488,110,10378,707,110,2042,753,8493.82888888889,0.9426772479832098,0,0.0,None,None,0.15558698727015557,1.2238944476556672
0.6328373141534752,time_600s,TRAINING_SET (sub001-sub096),0.157001414427157,1.2051102198903623,15.218097354759555,177751,10347,111,10236,707,111,2042,753,8493.82888888889,0.9417893570219015,0,0.0,None,None,0.157001414427157,1.2068509043030042
0.6334463658033924,time_600s,TRAINING_SET (sub001-sub096),0.15275813295615276,1.1901581880492058,14.799750020395594,172538,10217,108,10109,707,108,2042,753,8493.82888888889,0.9407840591637784,0,0.0,None,None,0.15275813295615276,1.1918477851545333
0.6340406313186285,time_600s,TRAINING_SET (sub001-sub096),0.15558698727015557,1.1730869705927676,15.089463938778449,167325,10074,110,9964,707,110,2042,753,8493.82888888889,0.9397938144329897,0,0.0,None,None,0.15558698727015557,1.1749242667550581
0.6346609184789082,time_600s,TRAINING_SET (sub001-sub096),0.15558698727015557,1.1561334856705117,15.096245332747353,162113,9930,110,9820,707,110,2042,753,8493.82888888889,0.9387464299593493,0,0.0,None,None,0.15558698727015557,1.1580007483555828
0.635274225247994,time_600s,TRAINING_SET (sub001-sub096),0.15841584158415842,1.136472152462062,15.386995297431017,156900,9765,112,9653,707,112,2042,753,8493.82888888889,0.9377629063097515,0,0.0,None,None,0.15841584158415842,1.1379565811732255
0.6358743531007479,time_600s,TRAINING_SET (sub001-sub096),0.16265912305516267,1.115986691514336,15.819517628910532,151687,9594,115,9479,707,115,2042,753,8493.82888888889,0.9367513366339897,0,0.0,None,None,0.16265912305516267,1.1171922642717418
0.6365005817995054,time_600s,TRAINING_SET (sub001-sub096),0.16548797736916548,1.0946771028273337,16.110926895785614,146474,9415,117,9298,707,117,2042,753,8493.82888888889,0.9357223807638215,0,0.0,None,None,0.16548797736916548,1.0958278226043192
0.6371181157315824,time_600s,TRAINING_SET (sub001-sub096),0.16265912305516267,1.0738384442770608,15.836376927805443,141262,9236,115,9121,707,115,2042,753,8493.82888888889,0.9346179439622828,0,0.0,None,None,0.16265912305516267,1.0749434807496476
0.637750375586256,time_600s,TRAINING_SET (sub001-sub096),0.16124469589816123,1.055589901478799,15.702233629224603,136049,9080,114,8966,707,114,2042,753,8493.82888888889,0.9332593403847144,0,0.0,None,None,0.16124469589816123,1.0563396130055436
0.6383676816589654,time_600s,TRAINING_SET (sub001-sub096),0.16407355021216408,1.0342803127917968,15.993642896099688,130836,8901,116,8785,707,116,2042,753,8493.82888888889,0.9319682656149684,0,0.0,None,None,0.16407355021216408,1.0350951962913086
0.6389816339150833,time_600s,TRAINING_SET (sub001-sub096),0.16548797736916548,1.012499793968065,16.143797819329322,125623,8717,117,8600,707,117,2042,753,8493.82888888889,0.9306098405546755,0,0.0,None,None,0.16548797736916548,1.0130106049047594
0.6396154925974784,time_600s,TRAINING_SET (sub001-sub096),0.16831683168316833,0.9906015426101512,16.43544255127277,120411,8533,119,8414,707,119,2042,753,8493.82888888889,0.9291343814103362,0,0.0,None,None,0.16831683168316833,0.9905659386586468
0.6402662356066896,time_600s,TRAINING_SET (sub001-sub096),0.16831683168316833,0.9677614309787785,16.44457859592532,115198,8339,119,8220,707,119,2042,753,8493.82888888889,0.9276115904790013,0,0.0,None,None,0.16831683168316833,0.9678812225061587
0.6409322742844334,time_600s,TRAINING_SET (sub001-sub096),0.16407355021216408,0.9444503892106766,16.029574865532137,109985,8138,116,8022,707,116,2042,753,8493.82888888889,0.9260080920125472,0,0.0,None,None,0.16407355021216408,0.9444763566345441
0.6415844683826816,time_600s,TRAINING_SET (sub001-sub096),0.16548797736916548,0.9239649282629506,16.179211765611367,104772,7965,117,7848,707,117,2042,753,8493.82888888889,0.923977780322987,0,0.0,None,None,0.16548797736916548,0.923832064686248
0.6422698651655163,time_600s,TRAINING_SET (sub001-sub096),0.16124469589816123,0.89971202622139,15.764584779327567,99560,7756,114,7642,707,114,2042,753,8493.82888888889,0.9220972278023303,0,0.0,None,None,0.16124469589816123,0.8991069243295678
0.642947042939081,time_600s,TRAINING_SET (sub001-sub096),0.15841584158415842,0.872162613222724,15.492719113126752,94347,7520,112,7408,707,112,2042,753,8493.82888888889,0.9202942329909801,0,0.0,None,None,0.15841584158415842,0.8712611351900058
0.6436285256478409,time_600s,TRAINING_SET (sub001-sub096),0.157001414427157,0.8448486652924228,15.362201976598731,89134,7287,111,7176,707,111,2042,753,8493.82888888889,0.9182466847667556,0,0.0,None,None,0.157001414427157,0.8440154708163825
0.6443645976217192,time_600s,TRAINING_SET (sub001-sub096),0.16124469589816123,0.8164751245544805,15.79787953999433,83921,7049,114,6935,707,114,2042,753,8493.82888888889,0.9160043374125666,0,0.0,None,None,0.16124469589816123,0.8149694321449427
0.6451324677127581,time_600s,TRAINING_SET (sub001-sub096),0.15983026874115983,0.7859823982012561,15.66863391483548,78709,6789,113,6676,707,113,2042,753,8493.82888888889,0.9137455691217015,0,0.0,None,None,0.15983026874115983,0.7844830940352497
0.6459176943416574,time_600s,TRAINING_SET (sub001-sub096),0.15134370579915135,0.7543123465062085,14.832645641312652,73496,6514,107,6407,707,107,2042,753,8493.82888888889,0.9113693262218352,0,0.0,None,None,0.15134370579915135,0.7518363067681769
0.6467102693224724,time_600s,TRAINING_SET (sub001-sub096),0.15275813295615276,0.7233486900162549,14.986473819608774,68283,6252,108,6144,707,108,2042,753,8493.82888888889,0.9084398752251659,0,0.0,None,None,0.15275813295615276,0.7201497191266062
0.6475255179397839,time_600s,TRAINING_SET (sub001-sub096),0.1471004243281471,0.6870870694880963,14.435207605019471,63070,5940,104,5836,707,104,2042,753,8493.82888888889,0.9058189313461233,0,0.0,None,None,0.1471004243281471,0.6836621333575248
0.6484278721859469,time_600s,TRAINING_SET (sub001-sub096),0.1471004243281471,0.642819636635539,14.452914578160494,57857,5564,104,5460,707,104,2042,753,8493.82888888889,0.9038318613132378,0,0.0,None,None,0.1471004243281471,0.639132875724863
0.6493830103738171,time_600s,TRAINING_SET (sub001-sub096),0.13578500707213578,0.5994940640564405,13.338703081591003,52645,5188,96,5092,707,96,2042,753,8493.82888888889,0.9014531294519897,0,0.0,None,None,0.13578500707213578,0.59520374285814
0.6504141496011728,time_600s,TRAINING_SET (sub001-sub096),0.13012729844413012,0.5556975613406125,12.790450819876767,47432,4812,92,4720,707,92,2042,753,8493.82888888889,0.8985495024456064,0,0.0,None,None,0.13012729844413012,0.5518747347573559
0.6515063017659664,time_600s,TRAINING_SET (sub001-sub096),0.13012729844413012,0.5022469908218332,12.81183104808428,42219,4358,92,4266,707,92,2042,753,8493.82888888889,0.896776332930671,0,0.0,None,None,0.13012729844413012,0.4993038052611136
0.65277531438275,time_600s,TRAINING_SET (sub001-sub096),0.12588401697312587,0.44644176961940735,12.409824989464825,37006,3881,89,3792,707,89,2042,753,8493.82888888889,0.8951251148462411,0,0.0,None,None,0.12588401697312587,0.445892701092557
0.6542142865143885,time_600s,TRAINING_SET (sub001-sub096),0.12305516265912306,0.3835725963660414,12.15208722736589,31794,3345,87,3258,707,87,2042,753,8493.82888888889,0.894791470088696,0,0.0,None,None,0.12305516265912306,0.38335970048173007
0.6559352075085334,time_600s,TRAINING_SET (sub001-sub096),0.1188118811881188,0.3216452833861342,11.752530005457427,26581,2816,84,2732,707,84,2042,753,8493.82888888889,0.894059666679207,0,0.0,None,None,0.1188118811881188,0.32238702426234406
0.6581101188062082,time_600s,TRAINING_SET (sub001-sub096),0.09759547383309759,0.2605420981455033,9.655330544051557,21368,2282,69,2213,707,69,2042,753,8493.82888888889,0.8932047922126545,0,0.0,None,None,0.09759547383309759,0.26105427318339475
0.6609717920123428,time_600s,TRAINING_SET (sub001-sub096),0.0891089108910891,0.19873251769977837,8.831398082028999,16155,1751,63,1688,707,63,2042,753,8493.82888888889,0.8916125038687713,0,0.0,None,None,0.0891089108910891,0.19972152210444546
0.6649599956310516,time_600s,TRAINING_SET (sub001-sub096),0.07496463932107496,0.1282107297245608,7.445179640217671,10943,1142,53,1089,707,53,2042,753,8493.82888888889,0.8956410490724664,0,0.0,None,None,0.07496463932107496,0.12950692448960135
0.6710320540885278,time_600s,TRAINING_SET (sub001-sub096),0.04101838755304102,0.0692267300992119,4.074148063264417,5730,617,29,588,707,29,2042,753,8493.82888888889,0.8923211169284467,0,0.0,None,None,0.04101838755304102,0.07021459761484411
0.6868941053390376,time_600s,TRAINING_SET (sub001-sub096),0.002828854314002829,0.00824127739276332,0.27958892044317757,517,72,2,70,707,2,2042,753,8493.82888888889,0.8607350096711799,0,0.0,None,None,0.002828854314002829,0.00840174672314374
